{
  "expected": 0.6813186813186813,
  "observed": 0.6813186813186813,
  "match": true
}