{
  "iteration": 5,
  "task": "5-class behavior classification on anchored DIY clips",
  "n_total": 51,
  "embedding_cache": "outputs/anchor_embeddings_53clips.npz",
  "class_balance": {
    "ear_position": 17,
    "head_position": 12,
    "mouth_open": 3,
    "tail_movement": 9,
    "eye_expression": 12
  },
  "method_loo_logreg_5class": {
    "overall_accuracy": 0.2549019607843137,
    "per_behavior": {
      "ear_position": {
        "n": 15,
        "correct": 0,
        "accuracy": 0.0
      },
      "head_position": {
        "n": 12,
        "correct": 8,
        "accuracy": 0.6666666666666666
      },
      "mouth_open": {
        "n": 3,
        "correct": 0,
        "accuracy": 0.0
      },
      "tail_movement": {
        "n": 9,
        "correct": 5,
        "accuracy": 0.5555555555555556
      },
      "eye_expression": {
        "n": 12,
        "correct": 0,
        "accuracy": 0.0
      }
    }
  },
  "method_loo_logreg_binary_ovr": {
    "ear_position": {
      "n_pos": 15,
      "n_neg": 36,
      "accuracy": 0.39215686274509803,
      "precision": 0.0,
      "recall": 0.0,
      "f1": 0.0,
      "auc": 0.3388888888888889
    },
    "head_position": {
      "n_pos": 12,
      "n_neg": 39,
      "accuracy": 0.8431372549019608,
      "precision": 0.6666666666666666,
      "recall": 0.6666666666666666,
      "f1": 0.6666666666666666,
      "auc": 0.9273504273504274
    },
    "mouth_open": {
      "n_pos": 3,
      "n_neg": 48,
      "accuracy": 0.9019607843137255,
      "precision": 0.0,
      "recall": 0.0,
      "f1": 0.0,
      "auc": 0.736111111111111
    },
    "tail_movement": {
      "n_pos": 9,
      "n_neg": 42,
      "accuracy": 0.8235294117647058,
      "precision": 0.5,
      "recall": 0.5555555555555556,
      "f1": 0.5263157894736842,
      "auc": 0.783068783068783
    },
    "eye_expression": {
      "n_pos": 12,
      "n_neg": 39,
      "accuracy": 0.5294117647058824,
      "precision": 0.0,
      "recall": 0.0,
      "f1": 0.0,
      "auc": 0.6517094017094017
    }
  },
  "comparison_iter2_loo_cosine": {
    "ear_position": 0.0,
    "head_position": 0.5,
    "mouth_open": 0.333,
    "tail_movement": 0.0,
    "eye_expression": 1.0
  },
  "reference": {
    "phase1_linear_probe_ear_movement": 0.854,
    "iter4_readmyears_linear_probe": 0.894,
    "paper_claim_alves_2025": 0.875
  }
}