{
  "sanity_check": "5_deepdive",
  "description": "Per-source LOSO fold analysis across 5 backbone \u00d7 mode configs",
  "unique_sources": [
    "S1",
    "S10",
    "S11",
    "S12",
    "S2",
    "S3",
    "S4",
    "S5",
    "S6",
    "S7",
    "S8",
    "S9"
  ],
  "per_source_per_backbone_auc": {
    "ssv2_motion": {
      "S1": {
        "auc": 0.8163265306122449,
        "n": 21,
        "n_pos": 7,
        "n_neg": 14,
        "cm_tp": 5,
        "cm_fp": 1,
        "cm_fn": 2,
        "cm_tn": 13,
        "mean_score_pos": 0.42020300030708313,
        "mean_score_neg": -0.2805008888244629
      },
      "S10": {
        "auc": 1.0,
        "n": 22,
        "n_pos": 10,
        "n_neg": 12,
        "cm_tp": 10,
        "cm_fp": 1,
        "cm_fn": 0,
        "cm_tn": 11,
        "mean_score_pos": 1.0525835752487183,
        "mean_score_neg": -0.975261390209198
      },
      "S11": {
        "auc": 0.9204545454545454,
        "n": 19,
        "n_pos": 11,
        "n_neg": 8,
        "cm_tp": 8,
        "cm_fp": 0,
        "cm_fn": 3,
        "cm_tn": 8,
        "mean_score_pos": 0.6495716571807861,
        "mean_score_neg": -1.4324541091918945
      },
      "S12": {
        "auc": 1.0,
        "n": 23,
        "n_pos": 7,
        "n_neg": 16,
        "cm_tp": 6,
        "cm_fp": 0,
        "cm_fn": 1,
        "cm_tn": 16,
        "mean_score_pos": 1.0998449325561523,
        "mean_score_neg": -0.8236885070800781
      },
      "S2": {
        "auc": 0.9266666666666666,
        "n": 25,
        "n_pos": 10,
        "n_neg": 15,
        "cm_tp": 9,
        "cm_fp": 4,
        "cm_fn": 1,
        "cm_tn": 11,
        "mean_score_pos": 0.9849626421928406,
        "mean_score_neg": -0.5711542963981628
      },
      "S3": {
        "auc": 0.9947916666666666,
        "n": 28,
        "n_pos": 16,
        "n_neg": 12,
        "cm_tp": 12,
        "cm_fp": 0,
        "cm_fn": 4,
        "cm_tn": 12,
        "mean_score_pos": 0.4407568573951721,
        "mean_score_neg": -1.3188780546188354
      },
      "S4": {
        "auc": 0.9114583333333334,
        "n": 32,
        "n_pos": 24,
        "n_neg": 8,
        "cm_tp": 17,
        "cm_fp": 1,
        "cm_fn": 7,
        "cm_tn": 7,
        "mean_score_pos": 0.6086862683296204,
        "mean_score_neg": -1.3145346641540527
      },
      "S5": {
        "auc": 0.9025974025974026,
        "n": 25,
        "n_pos": 14,
        "n_neg": 11,
        "cm_tp": 13,
        "cm_fp": 4,
        "cm_fn": 1,
        "cm_tn": 7,
        "mean_score_pos": 1.1668163537979126,
        "mean_score_neg": -0.2829258143901825
      },
      "S6": {
        "auc": 0.9555555555555555,
        "n": 19,
        "n_pos": 9,
        "n_neg": 10,
        "cm_tp": 2,
        "cm_fp": 0,
        "cm_fn": 7,
        "cm_tn": 10,
        "mean_score_pos": -0.244820699095726,
        "mean_score_neg": -1.3669425249099731
      },
      "S7": {
        "auc": 1.0,
        "n": 21,
        "n_pos": 1,
        "n_neg": 20,
        "cm_tp": 1,
        "cm_fp": 4,
        "cm_fn": 0,
        "cm_tn": 16,
        "mean_score_pos": 1.0495562553405762,
        "mean_score_neg": -0.4525356888771057
      },
      "S8": {
        "auc": 0.6328125,
        "n": 24,
        "n_pos": 16,
        "n_neg": 8,
        "cm_tp": 12,
        "cm_fp": 6,
        "cm_fn": 4,
        "cm_tn": 2,
        "mean_score_pos": 0.541250467300415,
        "mean_score_neg": 0.20975933969020844
      },
      "S9": {
        "auc": 0.7832167832167832,
        "n": 24,
        "n_pos": 13,
        "n_neg": 11,
        "cm_tp": 10,
        "cm_fp": 1,
        "cm_fn": 3,
        "cm_tn": 10,
        "mean_score_pos": 0.7096802592277527,
        "mean_score_neg": -0.7726159691810608
      }
    },
    "dinov2_motion": {
      "S1": {
        "auc": 0.3877551020408163,
        "n": 21,
        "n_pos": 7,
        "n_neg": 14,
        "cm_tp": 7,
        "cm_fp": 14,
        "cm_fn": 0,
        "cm_tn": 0,
        "mean_score_pos": 1.9869670867919922,
        "mean_score_neg": 2.2673401832580566
      },
      "S10": {
        "auc": 0.85,
        "n": 22,
        "n_pos": 10,
        "n_neg": 12,
        "cm_tp": 2,
        "cm_fp": 1,
        "cm_fn": 8,
        "cm_tn": 11,
        "mean_score_pos": -0.15877866744995117,
        "mean_score_neg": -1.1080509424209595
      },
      "S11": {
        "auc": 0.7613636363636365,
        "n": 19,
        "n_pos": 11,
        "n_neg": 8,
        "cm_tp": 11,
        "cm_fp": 8,
        "cm_fn": 0,
        "cm_tn": 0,
        "mean_score_pos": 4.578674793243408,
        "mean_score_neg": 2.9764904975891113
      },
      "S12": {
        "auc": 0.3928571428571428,
        "n": 23,
        "n_pos": 7,
        "n_neg": 16,
        "cm_tp": 2,
        "cm_fp": 8,
        "cm_fn": 5,
        "cm_tn": 8,
        "mean_score_pos": -0.5529670715332031,
        "mean_score_neg": 0.0449112132191658
      },
      "S2": {
        "auc": 0.5666666666666667,
        "n": 25,
        "n_pos": 10,
        "n_neg": 15,
        "cm_tp": 9,
        "cm_fp": 15,
        "cm_fn": 1,
        "cm_tn": 0,
        "mean_score_pos": 3.5229854583740234,
        "mean_score_neg": 3.40910005569458
      },
      "S3": {
        "auc": 0.5885416666666666,
        "n": 28,
        "n_pos": 16,
        "n_neg": 12,
        "cm_tp": 9,
        "cm_fp": 6,
        "cm_fn": 7,
        "cm_tn": 6,
        "mean_score_pos": 0.5357340574264526,
        "mean_score_neg": -0.05118894577026367
      },
      "S4": {
        "auc": 0.8020833333333334,
        "n": 32,
        "n_pos": 24,
        "n_neg": 8,
        "cm_tp": 24,
        "cm_fp": 7,
        "cm_fn": 0,
        "cm_tn": 1,
        "mean_score_pos": 2.5482120513916016,
        "mean_score_neg": 1.1492681503295898
      },
      "S5": {
        "auc": 0.7402597402597402,
        "n": 25,
        "n_pos": 14,
        "n_neg": 11,
        "cm_tp": 4,
        "cm_fp": 1,
        "cm_fn": 10,
        "cm_tn": 10,
        "mean_score_pos": -0.7470013499259949,
        "mean_score_neg": -1.8346890211105347
      },
      "S6": {
        "auc": 0.23333333333333334,
        "n": 19,
        "n_pos": 9,
        "n_neg": 10,
        "cm_tp": 0,
        "cm_fp": 0,
        "cm_fn": 9,
        "cm_tn": 10,
        "mean_score_pos": -5.716296195983887,
        "mean_score_neg": -5.128719806671143
      },
      "S7": {
        "auc": 0.5,
        "n": 21,
        "n_pos": 1,
        "n_neg": 20,
        "cm_tp": 0,
        "cm_fp": 6,
        "cm_fn": 1,
        "cm_tn": 14,
        "mean_score_pos": -1.3168824911117554,
        "mean_score_neg": -0.5241641402244568
      },
      "S8": {
        "auc": 0.6796875,
        "n": 24,
        "n_pos": 16,
        "n_neg": 8,
        "cm_tp": 1,
        "cm_fp": 0,
        "cm_fn": 15,
        "cm_tn": 8,
        "mean_score_pos": -2.471858024597168,
        "mean_score_neg": -3.2082901000976562
      },
      "S9": {
        "auc": 0.15384615384615385,
        "n": 24,
        "n_pos": 13,
        "n_neg": 11,
        "cm_tp": 6,
        "cm_fp": 8,
        "cm_fn": 7,
        "cm_tn": 3,
        "mean_score_pos": -2.3863284587860107,
        "mean_score_neg": 2.0499255657196045
      }
    },
    "concat_motion": {
      "S1": {
        "auc": 0.7448979591836735,
        "n": 21,
        "n_pos": 7,
        "n_neg": 14,
        "cm_tp": 5,
        "cm_fp": 7,
        "cm_fn": 2,
        "cm_tn": 7,
        "mean_score_pos": 0.47607704997062683,
        "mean_score_neg": -0.03462179750204086
      },
      "S10": {
        "auc": 1.0,
        "n": 22,
        "n_pos": 10,
        "n_neg": 12,
        "cm_tp": 10,
        "cm_fp": 6,
        "cm_fn": 0,
        "cm_tn": 6,
        "mean_score_pos": 1.9863851070404053,
        "mean_score_neg": -0.06013922393321991
      },
      "S11": {
        "auc": 0.9318181818181818,
        "n": 19,
        "n_pos": 11,
        "n_neg": 8,
        "cm_tp": 10,
        "cm_fp": 1,
        "cm_fn": 1,
        "cm_tn": 7,