{
  "rme": {
    "global_auc": 0.8746126936531734,
    "per_source_auc": {
      "S1": 0.8163265306122449,
      "S2": 0.9266666666666666,
      "S3": 0.9947916666666666,
      "S4": 0.9114583333333334,
      "S5": 0.9025974025974026,
      "S6": 0.9555555555555555,
      "S7": 1.0,
      "S8": 0.6328125,
      "S9": 0.7832167832167832,
      "S10": 1.0,
      "S11": 0.9204545454545454,
      "S12": 1.0
    },
    "n_eligible": 283
  },
  "strict": {
    "global_auc": 0.7385578231292517,
    "per_source_auc": {
      "S1": 0.46153846153846145,
      "S2": 0.6893939393939394,
      "S3": 0.8961038961038961,
      "S4": 0.8171428571428572,
      "S5": 0.6607142857142857,
      "S6": 0.5444444444444444,
      "S7": null,
      "S8": 0.5666666666666667,
      "S9": 0.712121212121212,
      "S10": 0.9047619047619048,
      "S11": 0.8409090909090909,
      "S12": 0.9743589743589743
    },
    "n_eligible": 272
  },
  "permissive": {
    "global_auc": 0.7344972907886815,
    "per_source_auc": {
      "S1": 0.3877551020408163,
      "S2": 0.7142857142857143,
      "S3": 0.8333333333333334,
      "S4": 0.7714285714285715,
      "S5": 0.626984126984127,
      "S6": 0.611111111111111,
      "S7": null,
      "S8": 0.5555555555555556,
      "S9": 0.7222222222222222,
      "S10": 0.9428571428571428,
      "S11": 0.8295454545454546,
      "S12": 0.9523809523809523
    },
    "n_eligible": 283
  },
  "cleaned": {
    "global_auc": 0.7386430678466076,
    "per_source_auc": {
      "S1": 0.39560439560439553,
      "S2": 0.6818181818181818,
      "S3": 0.922077922077922,
      "S4": null,
      "S5": 0.7321428571428572,
      "S6": 0.5555555555555556,
      "S7": null,
      "S8": null,
      "S9": 0.6363636363636364,
      "S10": 0.8952380952380953,
      "S11": 0.875,
      "S12": 0.9658119658119657
    },
    "n_eligible": 218
  }
}