{
  "model": "facebook/vjepa2-vitl-fpc16-256-ssv2",
  "embedding_dim": 1024,
  "n_train": 235,
  "n_test": 48,
  "knn": {
    "k_1": {
      "acc": 0.6458333333333334,
      "f1": 0.6046511627906976
    },
    "k_3": {
      "acc": 0.6458333333333334,
      "f1": 0.6382978723404256
    },
    "k_5": {
      "acc": 0.5833333333333334,
      "f1": 0.5238095238095238
    },
    "k_10": {
      "acc": 0.6458333333333334,
      "f1": 0.6046511627906976
    },
    "k_15": {
      "acc": 0.7291666666666666,
      "f1": 0.6829268292682927
    }
  },
  "best_knn": {
    "k": 15,
    "acc": 0.7291666666666666,
    "f1": 0.6829268292682927
  },
  "linear_probe": {
    "C_0.01": {
      "acc": 0.8541666666666666,
      "precision": 0.8260869565217391,
      "recall": 0.8636363636363636,
      "f1": 0.8444444444444444
    },
    "C_0.1": {
      "acc": 0.8541666666666666,
      "precision": 0.8571428571428571,
      "recall": 0.8181818181818182,
      "f1": 0.8372093023255814
    },
    "C_1.0": {
      "acc": 0.8541666666666666,
      "precision": 0.8571428571428571,
      "recall": 0.8181818181818182,
      "f1": 0.8372093023255814
    },
    "C_10.0": {
      "acc": 0.8541666666666666,
      "precision": 0.8571428571428571,
      "recall": 0.8181818181818182,
      "f1": 0.8372093023255814
    }
  },
  "best_linear_probe": {
    "C": 0.01,
    "acc": 0.8541666666666666,
    "precision": 0.8260869565217391,
    "recall": 0.8636363636363636,
    "f1": 0.8444444444444444,
    "cm": [
      [
        22,
        4
      ],
      [
        3,
        19
      ]
    ]
  },
  "comparison": {
    "Paper claim (Alves 2025)": 0.875,
    "Etap A movement-detection": 0.5833,
    "V-JEPA-2 k-NN (k=15)": 0.7291666666666666,
    "V-JEPA-2 Linear probe (C=0.01)": 0.8541666666666666
  }
}