{
  "model": "microsoft/xclip-base-patch16-16-frames",
  "strategy_1_binary": {
    "accuracy": 0.6041666666666666,
    "precision": 0.6363636363636364,
    "recall": 0.3181818181818182,
    "f1": 0.42424242424242425,
    "cm": [
      [
        22,
        4
      ],
      [
        15,
        7
      ]
    ]
  },
  "strategy_2_cinematic": {
    "accuracy": 0.4583333333333333,
    "precision": 0.4583333333333333,
    "recall": 1.0,
    "f1": 0.6285714285714286,
    "cm": [
      [
        0,
        26
      ],
      [
        0,
        22
      ]
    ]
  },
  "strategy_3_multi_prompt": {
    "accuracy": 0.3958333333333333,
    "precision": 0.4222222222222222,
    "recall": 0.8636363636363636,
    "f1": 0.5671641791044776,
    "cm": [
      [
        0,
        26
      ],
      [
        3,
        19
      ]
    ]
  },
  "comparison": {
    "Paper claim (Alves 2025)": 0.875,
    "V-JEPA-2 + linear probe": 0.8541666666666666,
    "V-JEPA-2 + k-NN (k=15)": 0.7291666666666666,
    "X-CLIP zerolot S3 (multi-prompt)": 0.3958333333333333,
    "X-CLIP zerolot S2 (cinematic)": 0.4583333333333333,
    "X-CLIP zerolot S1 (binary)": 0.6041666666666666,
    "Etap A movement-detection": 0.5833
  }
}